{
  "$schema": "https://openapi.vercel.sh/vercel.json",
  "framework": "nextjs",
  "regions": ["iad1"],
  "functions": {
    "app/**/*.ts": {
      "maxDuration": 30
    },
    "app/api/**/*.ts": {
      "maxDuration": 30,
      "memory": 1024
    }
  },
  "crons": [],
  "headers": [
    {
      "source": "/api/(.*)",
      "headers": [
        {
          "key": "Cache-Control",
          "value": "no-store, must-revalidate"
        }
      ]
    },
    {
      "source": "/(.*)",
      "headers": [
        {
          "key": "X-Content-Type-Options",
          "value": "nosniff"
        },
        {
          "key": "X-Frame-Options",
          "value": "DENY"
        },
        {
          "key": "X-XSS-Protection",
          "value": "1; mode=block"
        }
      ]
    }
  ]
}
